1 rslegacy 1,*
2 rslegacy 2,*
3 rslegacy 3,*
4 rslegacy 4,*
5 rslegacy 5,*
6 rslegacy 6,*
7 rslegacy 7,*
8 rslegacy 8,*
9 rslegacy 9,*
10 rslegacy 10,*
11 rslegacy 11,*
12 rslegacy 12,*
13 rslegacy 13,*
14 rslegacy 14,*
15 rslegacy 15,*
16 rslegacy 16,*
17 rslegacy 17,*
18 rslegacy 18,*
19 rslegacy 19,*
20 rslegacy 20,*
21 rslegacy 21,*
22 rslegacy 22,*
23 rslegacy 23,*
24 rslegacy 24,*
25 rslegacy 25,*
26 rslegacy 26,*
27 rslegacy 27,*
28 rslegacy 28,*
29 rslegacy 29,*
30 rslegacy 30,*
31 rslegacy 31,*
32 rslegacy 32,*
33 rslegacy 33,*
34 rslegacy 34,*
35 rslegacy 35,*
36 rslegacy 36,*
37 rslegacy 37,*
38 rslegacy 38,*
39 rslegacy 39,*
40 rslegacy 40,*
41 rslegacy 41,*
42 rslegacy 42,*
43 rslegacy 43,*
44 rslegacy 44,*
45 rslegacy 45,*
46 rslegacy 46,*
47 rslegacy 47,*
48 rslegacy 48,*
49 rslegacy 49,*
50 rslegacy 50,*
51 rslegacy 51,*
52 rslegacy 52,*
53 rslegacy 53,*
54 rslegacy 54,*
55 rslegacy 55,*
56 rslegacy 56,*
57 rslegacy 57,*
58 rslegacy 58,*
59 rslegacy 59,*
60 rslegacy 60,*
61 rslegacy 61,*
62 rslegacy 62,*
63 rslegacy 63,*
64 rslegacy 64,*
65 rslegacy 65,*
66 rslegacy 66,*
67 rslegacy 67,*
68 rslegacy 68,*
69 rslegacy 69,*
70 rslegacy 70,*
71 rslegacy 71,*
72 rslegacy 72,*
73 rslegacy 73,*
74 rslegacy 74,*
75 rslegacy 75,*
76 rslegacy 76,*
77 rslegacy 77,*
78 rslegacy 78,*
79 rslegacy 79,*
80 rslegacy 80,*
81 rslegacy 81,*
82 rslegacy 82,*
83 rslegacy 83,*
84 rslegacy 84,*
85 rslegacy 85,*
86 rslegacy 86,*
87 rslegacy 87,*
88 rslegacy 88,*
89 rslegacy 89,*
90 rslegacy 90,*
91 rslegacy 91,*
92 rslegacy 92,*
93 rslegacy 93,*
94 rslegacy 94,*
95 rslegacy 95,*
96 rslegacy 96,*
97 rslegacy 97,*
98 rslegacy 98,*
99 rslegacy 99,*
100 rslegacy 100,*
101 rslegacy 101,*
102 rslegacy 102,*
103 rslegacy 103,*
104 rslegacy 104,*
105 rslegacy 105,*
106 rslegacy 106,*
107 rslegacy 107,*
108 rslegacy 108,*
109 rslegacy 109,*
110 rslegacy 110,*
111 rslegacy 111,*
112 rslegacy 112,*
113 rslegacy 113,*
114 rslegacy 114,*
115 rslegacy 115,*
116 rslegacy 116,*
117 rslegacy 117,*
118 rslegacy 118,*
1 rs7star 119,*
2 rs7star 120,*
3 rs7star 121,*
4 rs7star 122,*
5 rs7star 123,*
6 rs7star 124,*
7 rs7star 125,*
8 rs7star 126,*
9 rs7star 127,*
10 rs7star 128,*
11 rs7star 129,*
12 rs7star 130,*
13 rs7star 131,*
14 rs7star 132,*
15 rs7star 133,*
16 rs7star 134,*
17 rs7star 135,*
18 rs7star 136,*
19 rs7star 137,*
20 rs7star 138,*
21 rs7star 139,*
22 rs7star 140,*
23 rs7star 141,*
24 rs7star 142,*
25 rs7star 143,*
26 rs7star 144,*
27 rs7star 145,*
28 rs7star 146,*
29 rs7star 147,*
30 rs7star 148,*
31 rs7star 149,*
32 rs7star 150,*
33 rs7star 151,*
34 rs7star 152,*
35 rs7star 153,*
36 rs7star 154,*
37 rs7star 155,*
38 rs7star 156,*
39 rs7star 157,*
40 rs7star 158,*
41 rs7star 159,*
42 rs7star 160,*
43 rs7star 161,*
44 rs7star 162,*
45 rs7star 163,*
46 rs7star 164,*
47 rs7star 165,*
48 rs7star 166,*
49 rs7star 167,*
50 rs7star 168,*
51 rs7star 169,*
52 rs7star 170,*
53 rs7star 171,*
54 rs7star 172,*
55 rs7star 173,*
56 rs7star 174,*
57 rs7star 175,*
58 rs7star 176,*
59 rs7star 177,*
60 rs7star 178,*
61 rs7star 179,*
62 rs7star 180,*
63 rs7star 181,*
64 rs7star 182,*
65 rs7star 183,*
66 rs7star 184,*
67 rs7star 185,*
68 rs7star 186,*
69 rs7star 187,*
70 rs7star 188,*
71 rs7star 189,*
72 rs7star 190,*
73 rs7star 191,*
74 rs7star 192,*
75 rs7star 193,*
76 rs7star 194,*
77 rs7star 195,*
78 rs7star 196,*
1 rsoe 197,*
2 rsoe 198,*
3 rsoe 199,*
4 rsoe 200,*
5 rsoe 201,*
6 rsoe 202,*
7 rsoe 203,*
8 rsoe 204,*
9 rsoe 205,*
10 rsoe 206,*
11 rsoe 207,*
12 rsoe 208,*
13 rsoe 209,*
14 rsoe 210,*
15 rsoe 211,*
16 rsoe 212,*
17 rsoe 213,*
18 rsoe 214,*
19 rsoe 215,*
20 rsoe 216,*
21 rsoe 217,*
22 rsoe 218,*
23 rsoe 219,*
24 rsoe 220,*
25 rsoe 221,*
26 rsoe 222,*
27 rsoe 223,*
28 rsoe 224,*
29 rsoe 225,*
30 rsoe 226,*
31 rsoe 227,*
32 rsoe 228,*
33 rsoe 229,*
34 rsoe 230,*
35 rsoe 231,*
36 rsoe 232,*
37 rsoe 233,*
38 rsoe 234,*
39 rsoe 235,*
40 rsoe 236,*
41 rsoe 237,*
42 rsoe 238,*
43 rsoe 239,*
44 rsoe 240,*
45 rsoe 241,*
46 rsoe 242,*
47 rsoe 243,*
48 rsoe 244,*
49 rsoe 245,*
50 rsoe 246,*
51 rsoe 247,*
52 rsoe 248,*
53 rsoe 249,*
54 rsoe 250,*
55 rsoe 251,*
56 rsoe 252,*
57 rsoe 253,*
58 rsoe 254,*
59 rsoe 255,*
60 rsoe 256,*
61 rsoe 257,*
62 rsoe 258,*
63 rsoe 259,*
64 rsoe 260,*
65 rsoe 261,*
66 rsoe 262,*
67 rsoe 263,*
68 rsoe 264,*
69 rsoe 265,*
70 rsoe 266,*
71 rsoe 267,*
72 rsoe 268,*
73 rsoe 269,*
74 rsoe 270,*
75 rsoe 271,*
76 rsoe 272,*
77 rsoe 273,*
78 rsoe 274,*
79 rsoe 275,*
80 rsoe 276,*
81 rsoe 277,*
82 rsoe 278,*
83 rsoe 279,*
84 rsoe 280,*
85 rsoe 281,*
86 rsoe 282,*
87 rsoe 283,*
88 rsoe 284,*
89 rsoe 285,*
90 rsoe 286,*
91 rsoe 287,*
92 rsoe 288,*
93 rsoe 289,*
94 rsoe 290,*
95 rsoe 291,*
96 rsoe 292,*
97 rsoe 293,*
1 freeall f1,*
2 freeall f2,*
3 freeall f3,*
4 freeall f4,*
5 freeall f5,*
6 freeall f6,*
7 freeall f7,*
8 freeall f8,*
9 freeall f9,*
10 freeall f10,*
11 freeall f11,*
12 freeall f12,*
13 freeall f13,*
14 freeall f14,*
15 freeall f15,*
16 freeall f16,*
17 freeall f17,*
18 freeall f18,*
19 freeall f19,*
20 freeall f20,*
21 freeall f21,*
22 freeall f22,*
23 freeall f23,*
24 freeall f24,*
25 freeall f25,*
26 freeall f26,*
27 freeall f27,*
28 freeall f28,*
29 freeall f29,*
30 freeall f30,*
31 freeall f31,*
32 freeall f32,*
33 freeall f33,*
34 freeall f34,*
35 freeall f35,*
36 freeall f36,*
37 freeall f37,*
38 freeall f38,*
39 freeall f39,*
51 freeall m1,*
52 freeall m2,*
53 freeall m3,*
54 freeall m4,*
55 freeall m5,*
56 freeall m6,*
57 freeall m7,*
58 freeall m8,*
59 freeall m9,*
60 freeall m10,*
61 freeall m11,*
62 freeall m12,*
63 freeall m13,*
64 freeall m14,*
65 freeall m15,*
66 freeall m16,*
67 freeall m17,*
68 freeall m18,*
69 freeall m19,*
70 freeall m20,*
71 freeall m21,*
72 freeall m22,*
73 freeall m23,*
74 freeall m24,*
75 freeall m25,*
76 freeall m26,*
77 freeall m27,*
78 freeall m28,*
79 freeall m29,*
80 freeall m30,*
81 freeall m31,*
82 freeall m32,*
83 freeall m33,*
84 freeall m34,*
85 freeall m35,*
86 freeall m36,*
87 freeall m37,*
88 freeall m38,*
89 freeall m39,*
90 freeall m40,*
1 gl d1,*
2 gl d2,*
3 gl d3,*
4 gl d4,*
5 gl d5,*
6 gl d6,*
7 gl d7,*
8 gl d8,*
9 gl d9,*
10 gl d10,*
11 gl d11,*
12 gl d12,*
13 gl d13,*
14 gl d14,*
15 gl d15,*
16 gl d16,*
17 gl d17,*
18 gl d18,*
19 gl d19,*
20 gl d20,*
21 gl d21,*
22 gl d22,*
23 gl d23,*
24 gl d24,*
25 gl d25,*
26 gl d26,*
27 gl d27,*
28 gl d28,*
29 gl d29,*
30 gl d30,*
31 gl d31,*
32 gl d32,*
33 gl d33,*
34 gl d34,*
35 gl d35,*
36 gl d36,*
37 gl d37,*
38 gl d38,*
39 gl d39,*
40 gl d40,*
41 gl d41,*
42 gl d42,*
51 gl g1,*
52 gl g2,*
53 gl g3,*
54 gl g4,*
55 gl g5,*
56 gl g6,*
57 gl g7,*
58 gl g8,*
59 gl g9,*
60 gl g10,*
61 gl g11,*
62 gl g12,*
63 gl g13,*
64 gl g14,*
65 gl g15,*
66 gl g16,*
67 gl g17,*
68 gl g18,*
69 gl g19,*
70 gl g20,*
71 gl g21,*
72 gl g22,*
73 gl g23,*
74 gl g24,*
75 gl g25,*
76 gl g26,*
77 gl g27,*
78 gl g28,*
79 gl g29,*
80 gl g30,*
81 gl g31,*
82 gl g32,*
83 gl g33,*
84 gl g34,*
85 gl g35,*
86 gl g36,*
87 gl g37,*
88 gl g38,*
89 gl g39,*
90 gl g40,*
91 gl g41,*
92 gl g42,*
93 gl g43,*
94 gl g44,*
95 gl g45,*
96 gl g46,*
98 gl g48,*
101 gl l1,*
102 gl l2,*
103 gl l3,*
104 gl l4,*
105 gl l5,*
106 gl l6,*
107 gl l7,*
108 gl l8,*
109 gl l9,*
110 gl l10,*
111 gl l11,*
112 gl l12,*
113 gl l13,*
114 gl l14,*
115 gl l15,*
116 gl l16,*
117 gl l17,*
118 gl l18,*
1-19 gl l19,*
1-20 gl l20,*
1-21 gl l21,*
1-22 gl l22,*
1-23 gl l23,*
1-24 gl l24,*
1-25 gl l25,*
1-26 gl l26,*
1-27 gl l27,*
1-28 gl l28,*
1-29 gl l29,*
1-30 gl l30,*
1-31 gl l31,*
1-33 gl l33,*
1-34 gl l34,*
1-36 gl l36,*
1-37 gl l37,*
1 jpeu a1,*
2 jpeu a2,*
3 jpeu a3,*
4 jpeu a4,*
5 jpeu a5,*
6 jpeu a6,*
7 jpeu a7,*
8 jpeu a8,*
9 jpeu a9,*
10 jpeu a10,*
11 jpeu a11,*
12 jpeu a12,*
13 jpeu a13,*
14 jpeu a14,*
15 jpeu a15,*
16 jpeu a16,*
17 jpeu a17,*
18 jpeu a18,*
19 jpeu a19,*
20 jpeu a20,*
21 jpeu a21,*
22 jpeu a22,*
23 jpeu a23,*
24 jpeu a24,*
25 jpeu a25,*
26 jpeu a26,*
27 jpeu a27,*
28 jpeu a28,*
29 jpeu a29,*
30 jpeu a30,*
31 jpeu a31,*
32 jpeu a32,*
33 jpeu a33,*
34 jpeu a34,*
35 jpeu a35,*
36 jpeu a36,*
37 jpeu a37,*
38 jpeu a38,*
39 jpeu a39,*
40 jpeu a40,*
41 jpeu a41,*
42 jpeu a42,*
51 jpeu e1,*
52 jpeu e2,*
53 jpeu e3,*
54 jpeu e4,*
55 jpeu e5,*
56 jpeu e6,*
57 jpeu e7,*
58 jpeu e8,*
59 jpeu e9,*
60 jpeu e10,*
61 jpeu e11,*
62 jpeu e12,*
63 jpeu e13,*
64 jpeu e14,*
65 jpeu e15,*
66 jpeu e16,*
67 jpeu e17,*
68 jpeu e18,*
69 jpeu e19,*
70 jpeu e20,*
71 jpeu e21,*
72 jpeu e22,*
73 jpeu e23,*
74 jpeu e24,*
75 jpeu e25,*
76 jpeu e26,*
77 jpeu e27,*
78 jpeu e28,*
79 jpeu e29,*
80 jpeu e30,*
81 jpeu e31,*
82 jpeu e32,*
83 jpeu e33,*
84 jpeu e34,*
85 jpeu e35,*
86 jpeu e36,*
87 jpeu e37,*
88 jpeu e38,*
89 jpeu e39,*
90 jpeu e40,*
91 jpeu e41,*
92 jpeu e42,*
93 jpeu e43,*
94 jpeu e44,*
95 jpeu e45,*
96 jpeu e46,*
97 jpeu e47,*
98 jpeu e48,*
99 jpeu e49,*
100 jpeu e50,*
101 jpeu e51,*
102 jpeu e52,*
103 jpeu e53,*
104 jpeu e54,*
105 jpeu e55,*
106 jpeu e56,*
107 jpeu e57,*
108 jpeu e58,*
109 jpeu e59,*
110 jpeu e60,*
111 jpeu e61,*
112 jpeu e62,*
113 jpeu e63,*
114 jpeu e64,*
115 jpeu e65,*
116 jpeu e66,*
117 jpeu e67,*
118 jpeu e68,*
1-19 jpeu e69,*
1-20 jpeu e70,*
1 alt 26-alt,*
2 alt 39-alt,*
3 alt g22-alt,*
4 alt g45-alt,*
4 alt g46-alt,*
quad dmx,Deathmax
